,Return,Risk,Sharpe,SystRisk_var,TotalRisk_var,UnsystRisk_var,beta,capm_ret,alpha,Er
ACH,1.6853639991307912,2.129751474150869,0.7731249486690815,0.7223600171409694,4.535841341647799,3.8134813245068298,1.450854106445997,1.0833875649445361,0.601976434186255,1.1396807042746406
ADA,1.1422184324502327,1.3079690161947841,0.8436120571574078,0.8057287250448486,1.7107829473255514,0.9050542222807028,1.6182994651885412,1.2039450619203005,-0.061726629470067795,1.2667350811696159
ADX,0.7861891329615742,1.537152007465404,0.48621680180734855,0.7749433665237335,2.362836294054921,1.5878929275311875,1.5564673277931853,1.1594270903681174,-0.3732379574065432,1.219818022686493
AEVO,-4.816702069851038,1.9107113543994665,-2.5412012435426776,0.982488426739732,3.6508178798310436,2.6683294530913115,1.9733198607984828,1.4595530440793518,-6.2762551139303895,1.5361178546783327
AGIX,1.6976977829592501,2.6050915960492205,0.6367905779109915,0.8395629268300948,6.786502223806275,5.946939296976181,1.68625517900661,1.2528718928855245,0.44482589007372564,1.3182985938309808
AGLD,1.0297902772806458,1.7201672975844384,0.5761011028824077,0.7545564059063615,2.95897553167895,2.2044191257725885,1.5155202863902906,1.129945993626069,-0.1001557163454232,1.188748180738012
AION,4.909718256219569,6.1833829720972195,0.7877432593452154,1.3327313705984878,38.23422497962184,36.901493609023355,2.676779910210443,1.9660309985382096,2.9436872576813595,2.0698900590543747
AKRO,2.58540936179604,2.593299049474896,0.9819960263787124,0.8616592124536859,6.7251999600074,5.863540747553714,1.7306353855150975,1.2848248036864576,1.3005845581095825,1.3519734566444432
ALCX,0.1124782128917436,1.435309747202348,0.051332622129372715,0.7323497182985956,2.060114070414068,1.3277643521154723,1.470918338411762,1.0978334331531194,-0.9853552202613758,1.1549050646834957
ALGO,0.11322995287526358,1.180731491263998,0.0630371540235492,0.7830681875485641,1.3941268544625043,0.6110586669139402,1.572785963471098,1.1711761999651975,-1.057946247089934,1.2322002953478761
AMB,0.8346146464938917,1.7333195195659752,0.4591274935236202,1.013439044480972,3.004396556908423,1.9909575124274512,2.035483919967548,1.5043099930420207,-0.669695346548129,1.5832867691367614
AMP,0.7099049381736993,1.3622587466969929,0.4926413134075278,0.6644902283253179,1.8557488929524617,1.191258664627144,1.3346231153196353,0.9997034457403042,-0.28979850756660497,1.051486822614706
ANC,8.578036504765429,4.731517971053758,1.8047562234797245,0.7126681697068867,22.387262310404665,21.674594140697778,1.4313881112149198,1.0693724158903954,7.508664088875033,1.1249102746055342
ANKR,1.0559734463797876,1.3087691116611946,0.7771985427503784,0.7386518698590961,1.7128765876384324,0.9742247177793363,1.4835761575795314,1.1069468239780298,-0.050973377598242164,1.1645095788921156
ANT,1.1085752495727264,1.323617665309256,0.8082207404830755,0.8253238955422724,1.7519637239187256,0.9266398283764532,1.6576562026990402,1.2322811698842915,-0.12370592031156513,1.2965982305490142
ANY,2.3315751629054966,2.528641763730307,0.9067220180383104,0.9036406205120096,6.394029169281117,5.490388548769108,1.814954695596621,1.3455331150215093,0.9860420478839873,1.4159533572106582
API3,1.250572604048902,1.5423333349212547,0.7856749099641098,0.8434072441488226,2.3787921160093193,1.5353848718604968,1.6939764584739219,1.2584310683265154,-0.007858464277613386,1.3241573549153034
APT,0.22898051617897752,2.782238776706911,0.0683552101175433,0.2681261362938038,7.74085261061157,7.472726474317766,0.5385291221225609,0.42653080065763543,-0.1975502844786579,0.4474257305959908
ARDR,0.5802740477901381,1.218823894934954,0.44425946196192306,0.7778440715197542,1.4855316868644115,0.7076876153446573,1.562293369732386,1.1636217305703926,-0.5833476827802545,1.224238713316009
ARK,0.6244630632195598,1.2997668784579561,0.45059085050266146,0.8576677817277191,1.6893939383363392,0.8317261566086201,1.722618629988838,1.2790528910615249,-0.6545898278419651,1.3458904939050917
ARKM,2.686033634013002,1.5247404737897756,1.7361863736936458,0.5229192687855553,2.3248335124126696,1.8019142436271143,1.0502790166322338,0.7949810630178915,1.8910525709951107,0.8357318888632221
ARPA,1.1257792716777764,1.4668296335843505,0.7410398909255942,0.7738676054916883,2.1515891739612,1.3777215684695117,1.5543066706778113,1.1578714580376157,-0.03209218635983935,1.2181785568599146
ASR,0.9044378524075026,1.4103664819221036,0.613768026610911,0.4584518366571111,1.9891336133293314,1.5306817766722203,0.9207967136030938,0.7017562494245102,0.20268160298299243,0.7374831619123101
AST,1.3488281869993468,1.7968221627843635,0.7290806035970313,0.9585292000678267,3.2285698846730777,2.270040684605251,1.92519795263725,1.424906178730663,-0.07607799173131613,1.4996038592929881
ASTR,0.2913518971159658,1.0910044873733595,0.23148566301866955,0.5413183177300622,1.190290791468807,0.6489724737387448,1.0872333539189132,0.8215874881773384,-0.5302355910613725,0.863772142309392
ATA,0.30704572703524025,1.590527848861592,0.16865201525847853,0.7778540392099565,2.529778838004283,1.7519247987943265,1.5623133897555306,1.1636361446090846,-0.8565904175738444,1.2242539041315992
ATM,0.7337744599824019,1.3300581679072405,0.5225143356518751,0.4364792517332997,1.7690547300167652,1.3325754782834656,0.8766649589247006,0.6699822192505478,0.06379224073185408,0.703996819656826
ATOM,0.7666843537955126,1.1935317244157693,0.6098575671725945,0.766601529636149,1.42451797718688,0.6579164475507309,1.539712817553878,1.147364159316016,-0.3806798055205034,1.2071050166371062
AUTO,0.292555752978864,1.7204656830965794,0.14749248152520067,0.7923077738313213,2.9600021667129797,2.1676943928816583,1.5913435959287432,1.184537344972088,-0.8919815919932239,1.246281476494123
AVA,1.062196877952728,1.367389073357969,0.7484313703337695,0.6761849475671067,1.869752877938765,1.1935679303716584,1.3581118619737444,1.0166148998706706,0.04558197808205744,1.0693096401152518
AVAX,1.2563590813312793,1.262993370693908,0.9640265021045468,0.7914017352947269,1.5951522544167593,0.8037505191220324,1.5895238250385726,1.1832271442879014,0.07313193704337784,1.244900668699398
AXS,2.1923717922356487,1.5484073711670316,1.3908302377897528,0.8125038874186682,2.3975653870843976,1.5850614996657293,1.6319073226538532,1.2137424623829993,0.9786293298526494,1.2770604665019687
BAKE,2.4229959269743446,2.3026547757600384,1.0354118003587367,0.871286750912888,5.302219016330513,4.430932265417625,1.7499722167032143,1.298746957068246,1.1242489699060987,1.3666458790763305
BAL,0.3157493236254809,1.1690211054282913,0.23690703473143515,0.7687817754211763,1.3666103449367841,0.5978285695156078,1.5440918231400234,1.1505169606637098,-0.8347676370382289,1.2104277234015426
BAND,1.2439362410485997,1.5521558175872443,0.7764273582544884,0.9031012958242225,2.409187682069927,1.5060863862457046,1.8138714664319162,1.3447532104739683,-0.10081696942536866,1.4151314233715264
BAR,0.3088028394399102,1.1065238380258848,0.24400996179315393,0.40082145343777154,1.2243950041195346,0.8235735506817631,0.805046566632379,0.6184183289341485,-0.3096154894942383,0.6496541357194847
BAT,0.7242374883961693,1.1622036800730207,0.5897739786481347,0.9453175756004191,1.3507173939752721,0.40539981837485306,1.8986625144118254,1.4058011641895858,-0.6815636757934165,1.4794692697487644
BCH,0.6239633614832851,1.1945374655835848,0.4898660597450636,0.7453061531011345,1.426919756682854,0.6816136035817195,1.4969412303106846,1.1165694240158384,-0.49260606253255323,1.174650743751893
BEAM,0.8086298161091378,1.800593067185943,0.42754236375699606,0.6512460284976685,3.2421353935980814,2.590889365100413,1.3080222497531977,0.9805513247489466,-0.17192150863980882,1.0313025880393705
BEL,0.6722075621265398,1.6179419826164894,0.3914896633698888,0.8441587764327293,2.6177362591129762,1.7735774826802468,1.6954859048363442,1.2595178412095585,-0.5873102790830187,1.3253026943172084
BETA,-0.7518009586770907,1.2372816197133696,-0.6389822220589056,0.5565997780941352,1.5308658064805394,0.9742660283864042,1.1179260403849476,0.8436856429640369,-1.5954866016411278,0.8870611733309728
BETH,0.5552136363109711,0.7893786871038333,0.6542026593163428,0.589671451034587,0.6231187116537715,0.03344726061918457,1.1843502213392065,0.8915097991822054,-0.3362961628712343,0.9374625877701666
BICO,-0.7305636625613696,1.1775756337563974,-0.6533454331991776,0.6148520770407538,1.386684373216781,0.7718322961760272,1.2349252999385507,0.927922900931202,-1.6584865634925716,0.9758380025688176
BIFI,7.915006562990401,4.563086154365175,1.726070097417688,0.37892707853192026,20.82175525215916,20.44282817362724,0.7610718961267391,0.5867573963988657,7.328249166591535,0.6162869859685831
BLUR,0.3194910867751332,1.3080936068469964,0.2145802756820329,0.6090168617873599,1.7111088842739843,1.1020920224866244,1.2232053184729503,0.9194847355457547,-0.5999936487706214,0.966945101902505
BLZ,1.0138240189648053,1.5064767438808233,0.6472214210576218,0.9529169873183864,2.269472179853768,1.3165551925353816,1.9139258698522679,1.4167904919390661,-0.4029664729742608,1.491050815689334
BNB,1.4068770976234073,1.054991949856469,1.2967654376979212,0.6773498582814935,1.1130080142619545,0.435658155980461,1.360451575487098,1.0182994494271858,0.38857764819622154,1.071084970556085
BNT,0.45037985868202596,1.1254369948401606,0.3657067082111338,0.7962349307855443,1.2666084293548516,0.4703734985693073,1.5992312581172505,1.1902163128310832,-0.7398364541490572,1.2522664856460324
BNX,2.01207615442273,1.6187384857924112,1.219020967093869,0.2777842240125892,2.620314285385508,2.342530061372919,0.5579273112453137,0.4404971305939419,1.5715790238287881,0.46214471027026005
BOME,30.94110312347806,10.807686931049629,2.8592892559367344,1.037913069954603,116.80609679958094,115.76818372962634,2.084639797254638,1.5397012966402952,29.401401826837766,1.620585320773775
BOND,0.060736305093107755,1.6715702308510656,0.013123172863600875,0.45786029451968047,2.7941470366674848,2.3362867421478044,0.9196086061236352,0.700900834470418,-0.6401645293773102,0.736581648388015
BSW,0.2243705034884807,1.677051074099638,0.11065286344252116,0.5445044378279088,2.81250030513875,2.267995867310841,1.0936326497241913,0.8261948603403257,-0.6018243568518451,0.8686278071496243
BTC,0.758781120295652,0.7023175636823887,1.0251503842800824,0.49788604790212704,0.49324996025676615,-0.004636087645360887,1.0,0.758781120295652,0.0,0.797581120295652
BTG,0.5809263919570904,1.3518818030074173,0.40101611749715665,0.7016713175422126,1.8275844093025855,1.1259130917603728,1.409301024800247,1.0534701306694925,-0.4725437387124021,1.108151010431742
BTS,0.3157215096527977,1.325000766407045,0.20899724488742405,0.7798395273206246,1.7556270309792563,0.9757875036586318,1.5663012261671632,1.1665073115362876,-0.85078580188349,1.2272797991115734
C98,0.05290734148869412,1.2836881504771944,0.010989695186833267,0.685134717071909,1.6478552676755602,0.9627205506036512,1.3760873998352947,1.0295569477581463,-0.9766496062694522,1.0829491388717558
CAKE,1.1387766855085228,1.3383985977448878,0.8218603092994196,0.7586435117995627,1.791310806445482,1.0326672946459192,1.5237292046968438,1.1358562598248365,0.002920425683686334,1.194976952967074
CELO,1.0392348390678938,1.6883809830858076,0.5925409306846293,0.5584154367004573,2.8506303440457983,2.292214907345341,1.121572775644898,0.8463112235019179,0.19292361556597593,0.8898282471969399
CELR,0.9961005970738548,1.4154009091593005,0.6763458966848188,0.8306311868195734,2.0033597336489746,1.172728546829401,1.6683158532348679,1.2399559170190368,-0.24385531994518206,1.3046865721245495
CFX,1.6494892787588644,1.818042162227514,0.8859471536047353,0.8077466982072288,3.3052773036368945,2.4975306054296658,1.622352547557254,1.206863204704777,0.4426260740540875,1.2698104835499981
CHR,1.3862442606928052,1.586720062770644,0.849200997900015,0.7251103755893804,2.5176805575988763,1.792570182009496,1.456378178590617,1.0873647925958136,0.2988794680969915,1.1438722659251295
CHZ,1.369246897118837,1.455147640669237,0.9143037173237976,0.69276398034501,2.117454656145247,1.4246906758002371,1.3914107118767696,1.0405894431284073,0.32865745399042967,1.0945761787492259
CKB,1.0164885912636583,1.338932846813166,0.7301998704346406,0.7070640932465512,1.7927411682752092,1.085677075028658,1.4201323700991593,1.0612684947921123,-0.04477990352845396,1.1163696307519595
CLV,-0.20484322960744641,1.2166826180255592,-0.20025208382020965,0.5854998156093757,1.4803165930055289,0.8948167773961532,1.1759715261683161,0.8854772968464519,-1.0903205264538984,0.9311049920617827
COS,0.9852489776248841,1.707723929249742,0.554216616289197,0.6722107164619985,2.9163210185321775,2.244110302070179,1.3501296517434038,1.0108678592065945,-0.02561888158171044,1.0632528896942384
COTI,1.0820498668185932,1.4608226094883998,0.7141523276285775,0.831832248484276,2.134002696392498,1.3021704479082221,1.6707281756322585,1.2416927436012244,-0.15964287678263123,1.306516996815756
CRV,0.22792941807853462,1.4957306931167467,0.12644617038942615,1.0018562890980671,2.2372103063315034,1.2353540172334363,2.0122200517958864,1.4875604471733772,-1.2596310290948427,1.5656345851830575
CTSI,1.472219161457269,1.6884686848991663,0.8489462518772574,0.7908850501543766,2.8509264998851203,2.0600414497307438,1.5884860672172247,1.182479978249092,0.28973918320817704,1.2441132376571202
CTXC,1.16754026211677,1.7798121091073555,0.6341906858263129,0.7555201853385136,3.1677311437251734,2.4122109583866598,1.5174560293905475,1.1313396920399983,0.0362005700767718,1.1902169859803515
CVC,0.9678180468900401,1.5683977742200907,0.5923357340595617,0.9427853022221083,2.459871578178535,1.5170862759564265,1.8935764643226922,1.4021393041485317,-0.4343212572584916,1.4756100709642521
CVP,0.745369460552479,1.7105628461482356,0.4130625554878026,0.7503359832563464,2.9260252506227524,2.175689267366406,1.507043602482802,1.123842941249963,-0.3784734806974841,1.1823162330262957
CVX,0.6633939910178416,1.5256700350098065,0.40938995764823216,0.8393726273661871,2.3276690557268243,1.4882964283606372,1.685872964110833,1.2525967053766691,-0.5892027143588275,1.3180085763841694
DAI,0.008501872013939567,0.11683519609718372,-0.25932363703877725,0.014001166499415046,0.013650463047067374,-0.0003507034523476723,0.028121226851826452,0.05904675241286618,-0.050544880398926614,0.06013785601471705
DAR,-0.33300137919575984,1.3853880345781493,-0.26837345921568706,0.6603907897745007,1.9193000063523074,1.2589092165778066,1.3263894269724914,0.9937753455799623,-1.326776724775722,1.0452392553464949
DASH,0.1962323990222127,1.083428261758998,0.14530948155867154,0.7460720133012645,1.173816798378124,0.42774478507685953,1.4984794541740707,1.1176769161562645,-0.9214445171340518,1.1758179189782185
DATA,1.3086005845019788,2.028496530022487,0.6259811469768215,0.90042372738061,4.11479817231327,3.21437444493266,1.808493592408544,1.3408812427098118,-0.03228065820783299,1.4110507940952632
DCR,0.49815282758310064,1.1124232628639328,0.41292990080097497,0.6777845549559187,1.2374855157608384,0.5597009608049197,1.3613246601542761,1.0189280539039736,-0.5207752263208729,1.0717474507179594
DEGO,1.3633367726195018,1.6024599310878098,0.826564675299155,0.7824374396014808,2.5678778307419483,1.7854403911404675,1.5715191114479474,1.1702640904263208,0.19307268219318097,1.231239031950501
DENT,1.7070088516151776,1.9452409797641923,0.8575846740681983,0.9609781007701985,3.7839624693539546,2.8229843685837563,1.930116549397875,1.4284474755366603,0.2785613760785173,1.5033359976532976
DEXE,1.8669929775960046,1.8586898501099374,0.9835922746809378,0.5615074958219491,3.4547279589017013,2.8932204630797522,1.1277831507588834,0.8507825763339412,1.0162104012620634,0.8945405625833858
DGB,0.8419075643084354,1.3223401708047369,0.6073380980475606,0.8988206342671692,1.7485835273239008,0.8497628930567316,1.80527379317899,1.3385630480533905,-0.49665548374495516,1.4086076712287352
DIA,0.829707354148053,1.5579873772777366,0.5076468305731727,0.6837156934128384,2.4273246677567606,1.743608974343922,1.3732373025790054,1.0275049315426117,-0.19779757739455872,1.080786538882677
DNT,1.3853151680231908,1.9160987350405831,0.7027378826564862,0.929362744196487,3.671434362424123,2.742071618227636,1.866617367794123,1.3827292636277337,0.002585904395457028,1.4551540174981457
DOCK,0.8170314759778292,1.4302702515637244,0.5441149846520148,0.7917391264949348,2.04567299250816,1.253933866013225,1.5902014724673958,1.1837150376428711,-0.3666835616650419,1.245414854774606
DODO,2.2391515121267322,3.1634638858599207,0.6955513296554081,0.8181975798000336,10.007503757139949,9.189306177339915,1.6433430566041338,1.2219759749239254,1.0171755372028068,1.2857376855201657
DOGE,1.8305841230787647,1.9267046526435359,0.9299734241158066,0.6753446468951751,3.712190818518248,3.036846171623073,1.3564241250398172,1.0153997611422172,0.8151843619365475,1.068029017193762
DOT,0.8237876665840465,1.1121929752651334,0.705801676545309,0.7673519898575922,1.2369732142291097,0.46962122437151743,1.541220110687729,1.14844938191514,-0.32466171533109356,1.2082487222098237
DREP,-0.19921748007303666,1.7196473472254659,-0.13841063428328004,0.7715166212672036,2.957186998819582,2.1856703775523783,1.5495847383513466,1.1544717559112474,-1.353689235984284,1.2145956437592795
DUSK,1.1094957824063585,1.4401035064549317,0.7434852964437707,0.7589065795251859,2.0738981093037894,1.3149915297786035,1.524257574043066,1.1362366757786595,-0.02674089337230101,1.1953778696515303
DYDX,0.031320126525855925,1.209122414866079,-0.006186200323622764,0.6139240652446282,1.4619770141315787,0.8480529488869505,1.2330613959387582,0.9265809252413078,-0.8952607987154518,0.9744237074037314
DYM,-1.1646595680374001,1.2343272749453016,-0.9749922832181851,0.657631226020787,1.523563821673894,0.865932595653107,1.3208468660484782,0.9897848063565844,-2.1544443743939845,1.0410336647592653
EGLD,0.8270520891710664,1.1174773879556679,0.7053852701333924,0.6893113650312017,1.2487557125922222,0.5594443475610205,1.3844761626393365,1.035596698599695,-0.2085446094286285,1.089314373710101
ELF,0.7291924002217958,1.362221570477782,0.5068135868525775,0.8331737913903641,1.8556476070749548,1.0224738156845907,1.6734226534384569,1.2436327167507428,-0.5144403165289471,1.3085615157041548
ENA,1.6229828154760195,2.015519831206341,0.7859921747968339,0.6940040286764421,4.062320189986037,3.368316161309595,1.3939013386711077,1.042382647398033,0.5806001680779864,1.096466019338472
ENJ,1.4276230306148634,1.5365457976888628,0.9038604854497725,0.9545611141287644,2.3609729883953037,1.4064118742665392,1.9172280849219725,1.4191680244444094,0.008455006170454027,1.4935564741393816
ENS,0.28716493859511116,1.2526455736363624,0.19827231566716927,0.6242811956336428,1.5691209331507714,0.9448397375171286,1.253863606469973,0.9415581240841979,-0.6543931854890868,0.9902080320152327
EOS,0.6162127527002638,1.1758164756231533,0.49107387476795594,0.8562380046403812,1.3825443843468534,0.5263063797064722,1.7197469345610141,1.2769853245702525,-0.6607725718699887,1.3437115056312197
EPS,32.03476122742565,27.65385364923551,1.157016364998018,1.5795314573540122,764.7356216533362,763.1560901959822,3.1724758386170158,2.3229227083983677,29.711838519027282,2.4460147709367077
EPX,-0.4109101379779928,1.261201764134927,-0.35657271561656456,0.5646873310063082,1.590629889857052,1.0259425588507436,1.1341698233675204,0.8553808600336692,-1.266290998011662,0.8993866491803288
ERN,1.1361526586287276,1.6648934984203803,0.65911282593744,0.7599310589310142,2.7718703610824527,2.0119393021514385,1.5263152324372808,1.137718150974512,-0.0015654923457844028,1.1969391819930784
ETC,0.7286866827391608,1.135546939271669,0.6075369136053933,0.7310609070338571,1.2894668512892558,0.5584059442553987,1.4683297716700967,1.0959697139704951,-0.3672830312313343,1.152940909111295
ETH,0.7439951204335881,0.8912487854161879,0.7912438501717362,0.7014118533618039,0.7943243975058302,0.09291254414402628,1.4087798931447169,1.0530949257163222,-0.3090998052827342,1.1077555855703372
FARM,0.7516551596906935,1.7145314752398542,0.4157725710990338,0.5906488507337926,2.939618179588151,2.3489693288543583,1.1863133205329357,0.8929231935389581,-0.14126803384826458,0.938952150375636
FET,1.340005440859132,1.4287425191538425,0.9107347359059189,0.8053322566254381,2.041305186038068,1.2359729294126298,1.6175031616546682,1.2033717384098872,0.13663370244924478,1.2661308610820883
FIDA,0.89475859025576,1.5745245777743013,0.5436298691924621,0.6906020092908595,2.4791276460153417,1.7885256367244824,1.3870684109361022,1.0374630684324848,-0.14270447817672482,1.0912813227768055
FIL,1.3135805389722448,1.7650776580469627,0.722223485839583,0.6703895341643564,3.1154991389365505,2.445109604772194,1.3464718221952257,1.0082342909906465,0.30534624798159826,1.0604773976918214
FIO,0.4884409490123785,1.3421235151904185,0.3350220333100893,0.7062743881593938,1.8012955300270854,1.0950211418676916,1.4185462539778402,1.060126521130166,-0.5716855721177876,1.115166115784506
FIRO,0.4947316124780079,1.4221542160994347,0.32059224472047687,0.788754909393897,2.0225226143693975,1.2337677049755005,1.5842076971575394,1.1793996325804803,-0.6846680201024724,1.2408668912301928
FIS,0.7311749416327723,1.603809923097037,0.43170635850398137,0.7450989283975301,2.572206269424524,1.827107341026994,1.4965250212112782,1.1162697613221706,-0.3850948196893983,1.174334932145168
FLM,0.4124416024996541,1.40424831249221,0.26607943849797355,0.888996962067983,1.9719133231372197,1.0829163610692367,1.7855430289999596,1.324357270355483,-0.9119156678558288,1.3936363398806813
FLOW,0.03160850500479045,1.1725552040028813,-0.006133182446898152,0.798404321540445,1.3748857064342386,0.5764813848937935,1.6035884614653693,1.1933534169790176,-1.1617449119742271,1.255572649283874
FLUX,1.660363537588248,1.5027706347202445,1.0790492575003756,0.6114272783467425,2.2583195805774867,1.6468923022307442,1.2280466201513947,0.9229703813518901,0.7373931562363578,0.9706185902137643
FOR,0.843206960391139,1.4557019078194682,0.5525904418137915,0.7044796719665167,2.1190680444292394,1.4145883724627226,1.4149415813816926,1.0575312249160926,-0.21432426452495368,1.1124309582737022
FTM,1.8592195063365529,1.5995301000891506,1.1380964360940071,0.9206145465279111,2.558496541091208,1.6378819945632972,1.8490466852947098,1.3700787039574471,0.48914080237910573,1.4418217153468817
FTT,0.9417693988034542,1.3639035137928415,0.6620478572508488,0.5485963096797446,1.8602327949364597,1.311636485256715,1.1018511404191547,0.8321120184780249,0.10965738032542938,0.874863842726288
FUN,0.5930624653214777,1.289084237991631,0.42996605573659646,0.755279666023207,1.661738172638464,0.906458506615257,1.5169729483395318,1.1309918828036944,-0.5379294174822168,1.189850433199268
FXS,1.258437474469751,1.644154468471574,0.7418022441672046,0.5386410678788734,2.7032439161950443,2.164602848316171,1.0818561197857826,0.8177159811220749,0.4407214933476762,0.8596919985697633
GAL,0.526463383914788,1.2629231207456442,0.3861386143812665,0.4172534308126996,1.5949748089139169,1.1777213781012172,0.8380500569775396,0.642180218886524,-0.11571683497173602,0.6746965610972526
GALA,3.0802677820755813,2.532641649841401,1.2009072749261798,0.6880011684370758,6.414273726511374,5.726272558074299,1.38184464364087,1.0337020546030997,2.0465657274724816,1.0873176267763653
GAS,0.6953634839843711,1.4222712052434805,0.4616303005810858,0.7893334122548532,2.0228553812647427,1.2335219690098895,1.585369615358288,1.180236191748347,-0.48487270776397595,1.2417485328242486
GFT,5.69698405912455,11.073044645159179,0.510987198231712,1.0903150811884244,122.61231771368837,121.52200263249995,2.1898888024328715,1.6154785932985227,4.0815054658260275,1.700446278832918
GHST,0.5001502205619159,0.8230675228195756,0.5605253612504018,0.23150323971265307,0.6774401471203526,0.44593690740769953,0.4649723379237196,0.37357130476480815,0.12657891579710778,0.39161223147624846
GLM,0.9301618355809396,1.2818871839277344,0.6953512343026823,0.8129600365770654,1.6432347523181772,0.8302747157411118,1.632823494457259,1.2144020887843987,-0.28424025320345914,1.2777556403693404
GLMR,-0.9501451379804426,1.166623308893767,-0.8476987648379792,0.6097153281583858,1.3610099448542416,0.7512946166958558,1.2246081823892399,0.9204947710798272,-1.87063990906027,0.9680095685565295
GNO,0.8115363814913192,1.1242408434742985,0.6873406049750806,0.6705147244896401,1.2639174741358021,0.593402749646162,1.3467232659257966,1.0084153257294743,-0.1968789442381551,1.0606681884473952
GNS,1.3769370065764361,1.3828178933721662,0.9676885242735973,0.44716699210407784,1.9121853262302357,1.465018334126158,0.898131196863706,0.6854375052904058,0.6914995012860303,0.7202849957287176
GTC,0.24644032767734372,1.6664933907992063,0.12459715041399888,0.5429952127237166,2.777200221577436,2.2342050088537193,1.0906013836130974,0.8240124059697462,-0.5775720782924025,0.8663277396539342
HARD,0.4922418213317809,1.439267931472213,0.31505031927443816,0.7656598204585634,2.071492178564303,1.3058323581057396,1.537821402476967,1.1460023761699976,-0.6537605548382166,1.2056698465861038
HBAR,0.8621196199950524,1.3570134784058592,0.6067144012174739,0.6628558006229077,1.8414855805751693,1.1786297799522616,1.3313403808278836,0.9973399388832997,-0.13522031888824737,1.0489959456594216
HIGH,1.1777231570245859,1.6594417193277191,0.6863291092175215,0.6882714824166651,2.7537468198453365,2.0654753374286714,1.3823875670281154,1.0340929491916833,0.1436302078329026,1.0877295867923742
HIVE,0.9853812577911506,1.5028782467076818,0.6298456045024291,0.6212804856542802,2.2586430244271556,1.6373625387728754,1.2478367053507184,0.9372188690644458,0.04816238872670475,0.9856349332320535
HNT,1.7179214573336516,1.4537745235016248,1.155008173681051,0.6208840141552875,2.1134603651823762,1.4925763510270889,1.2470403956315301,0.9366455411007222,0.7812759162329295,0.9850307084512255
HOOK,-0.17476670926368124,1.1097898047707415,-0.1924388819807184,0.5764310971253853,1.2316334107730806,0.6552023136476953,1.1577570802680905,0.872363239681643,-1.0471299489453243,0.9172842143960449
HOT,41.62665605063442,80.13699702449905,0.5189595017881742,1.5092228981752662,6421.93829210457,6420.429069206395,3.0312616803271917,2.2212511805112523,39.40540487012317,2.3388641337079474
ICP,-0.4996729584228884,1.1855587293706675,-0.45419340694216565,0.7242948475686473,1.4055495007869916,0.6812546532183443,1.4547401973212695,1.0861854770064856,-1.5858584354293739,1.1426293966625507
ICX,0.6009146375128107,1.3262818253076818,0.42382744510760884,0.9866750210398074,1.7590234801414761,0.7723484591016687,1.9817286007455366,1.4656071780867064,-0.8646925405738957,1.542498247795633
IDEX,1.454465908662744,1.7765819222109778,0.7968480884354213,0.6760715953935166,3.1562433263268526,2.480171730933336,1.357884195072718,1.0164509840002154,0.43801492466252867,1.0691368907690366
ILV,0.8934400494912821,1.2387196326954293,0.6899382450503366,0.7088094348567305,1.5344263284250992,0.8256168935683686,1.4236378742552476,1.0637923916016139,-0.1703523421103318,1.1190295411227174
INJ,1.9010247879222608,1.3991397460931387,1.3309784052109226,0.7384675943336388,1.9575920290975728,1.219124434763934,1.4832060417141968,1.106680347542667,0.7943444403795938,1.1642287419611779
IOST,0.8002179132481931,1.5783885255243384,0.4824020834764059,0.9017205909493061,2.4913103375068952,1.5895897465575892,1.8110983321359584,1.3427566061368343,-0.5425386928886412,1.4130272214237094
IOTA,1.0551659538923879,1.0890719049303723,0.9332404493139205,0.4781337149760787,1.18607761410867,0.7079438991325913,0.9603276030544018,0.7302177434979464,0.32494821039444144,0.7674784544964572
IOTX,1.1605166703387206,1.5869774631276432,0.7068258348975048,0.7487111977202929,2.5184974684750503,1.7697862707547574,1.5037802342022493,1.1214933776993934,0.039023292639327245,1.1798400507864406
IRIS,0.6899401297643706,1.4699177804771113,0.4429772456749392,0.801655148207753,2.1606582813627573,1.3590031331550043,1.6101177198790273,1.1980543597663829,-0.5081142300020123,1.2605269272976891
JOE,0.5870339391153552,1.5333464673484112,0.35754081076236244,0.7191482578518953,2.351151388929852,1.6320031310779568,1.4444033145376738,1.0787431165595875,-0.49170917744423237,1.1347859651636492
JST,1.0288613547496943,1.2092236372970948,0.818757857696794,0.656021222371842,1.4622218049980158,0.8062005826261738,1.3176131870656491,0.9874566185398506,0.04140473620984375,1.0385800101979978
JTO,2.5044244841189505,1.635199847131245,1.507842902777041,0.57077390861389,2.673878540058047,2.103104631444157,1.1463946640378464,0.8641825145149264,1.640241969604024,0.9086626274795948
JUV,0.6866048180651686,1.1748877802271356,0.5513759092293321,0.4453081754944636,1.380361296127046,0.9350531206325823,0.8943977791119002,0.6827495149949292,0.003855303070239402,0.7174521488244707
KAVA,0.6219177899975825,1.2309089923034644,0.47372940943941255,0.8380118156170404,1.51513694733353,0.6771251317164897,1.68313978499308,1.2506288680135007,-0.6287110780159182,1.315934691671232
KDA,1.3298387266455882,1.6379781666179813,0.7881904368183753,0.6120718333959467,2.6829724743172036,2.070900640921257,1.2293412036247018,0.9239024570113181,0.4059362696342701,0.9716008957119564
KEEP,1.3149247866456573,1.9766118646077495,0.6456122264038413,0.6801848822374961,3.9069944633081244,3.2268095810706283,1.3661456976018833,1.022399109846489,0.2925256767991682,1.075405562913442
KEY,0.9004625608742609,1.6821124927323958,0.5122502594785385,0.8391965616752185,2.8295024382063945,1.9903058765311759,1.685519337630014,1.2523421009868427,-0.3518795401125818,1.3177402512868872
KLAY,0.8128000938414669,1.315950363010377,0.5881681525364368,0.5085289784086416,1.7317253579071432,1.2231963794985017,1.0213762376980822,0.7741716078612235,0.03862848598024338,0.8138010058839089
KMD,0.48903460204898797,1.2745306638023353,0.35325521373161256,0.7672548117578097,1.6244284129724214,0.8571736012146116,1.541024929279871,1.1483088549864495,-0.6592742529374616,1.2081006222425084
KNC,0.23131273264100177,1.0672479928002676,0.18038237967155396,0.667061751735381,1.1390182781362002,0.4719565264008192,1.3397879987721808,1.0034220643146645,-0.7721093316736627,1.0554058386670249
KP3R,1.0156562129543698,1.6865039156667339,0.5792196530822666,0.7340753428774263,2.844295457559226,2.1102201146817996,1.4743842410738301,1.100328817634591,-0.08467260468022109,1.1575349261882555
KSM,1.4909247439500457,1.3438421008962274,1.0805769092824247,0.6921080856773209,1.8059115921411861,1.1138035064638654,1.3900933528737351,1.039640969517571,0.4512837744324747,1.0935765916090718
LDO,1.5170288324310965,1.8074011937302394,0.817875321516318,0.8742767789757149,3.2666990750974945,2.3924222961217794,1.7559776632816544,1.3030707652236668,0.21395806720742971,1.371202698558995
LEND,-0.4682713174846408,1.3854669443826861,-0.365993082361538,0.3414416983329216,1.9195186539770972,1.5780769556441756,0.6857828207309822,0.5325506835494049,-1.0008220010340456,0.559159056993767
LINK,1.4119808977941786,1.264818509665751,1.0856742586389443,0.8663929109387724,1.5997658623930913,0.7333729514543189,1.7401429796825423,1.291670091986451,0.12031080580772757,1.3591876395981335
LIT,9.776656356472252,7.212989376538547,1.3500444611974969,0.9044361480262532,52.02721574605794,51.122779598031684,1.8165525060144776,1.346683508356178,8.429972848116075,1.4171657455895394
LOKA,-0.008716765153577038,1.3038199607109902,-0.03644426882962087,0.5903622796517126,1.699946489948408,1.1095842102966955,1.1857377448901003,0.8925087899428146,-0.9012255550963916,0.9385154144445504
LOOM,0.9838171391092664,1.4426222085184452,0.6550690357663265,0.7900348471668895,2.0811588365106366,1.2911239893437472,1.5867784415645891,1.1812505200186618,-0.19743338090939544,1.2428175235513677
LPT,1.7756926537348268,1.9009985936094578,0.9136738236281173,0.716265613134812,3.6137956529051363,2.8975300397703245,1.4386135465190086,1.074574592895257,0.7011180608395697,1.1303927985001945
LQTY,0.33667610393161596,1.7216055936568118,0.17302226771865098,0.45423698404659046,2.9639258201104233,2.509688836063833,0.9123312170737571,0.6956612517494594,-0.3589851478178434,0.731059702971921
LRC,1.0787685932798194,1.4670260933069288,0.7088957708554124,1.0545350190291738,2.15216555844339,1.097630539414216,2.118024844183766,1.5637379001294518,-0.48496930684963235,1.6459172640837818
LSK,0.49498556173801816,1.172110963318943,0.3891999785125169,0.7940804239307623,1.3738441103324606,0.5797636864016983,1.5949039489591406,1.1871007319355615,-0.6921151701975434,1.248983005155176
LTC,0.8113545663048195,1.0384277899917065,0.7439656120056163,0.6941911370055605,1.0783322750270596,0.3841411380214992,1.394277144199113,1.0426532202830998,-0.2312986539782803,1.0967511734780253
LTO,1.1998889564759798,1.4612571529697516,0.7945822226541496,0.7066256746794379,2.135272467105264,1.428646792425826,1.4192518100413698,1.0606345081752173,0.1392544483007625,1.1157014784048225
LUNC,1.6273700071415265,2.41560032621147,0.6576294885805781,0.7658429951842701,5.835124935992959,5.069281940808689,1.5381893073951276,1.1462672607651372,0.4811027463763893,1.2059490058920679
MANA,1.5823424022108012,1.605685324612654,0.9612981937062646,0.9595502533817779,2.5782253616764437,1.6186751082946658,1.9272487297543301,1.426382699536895,0.15595970267390635,1.5011599502513628
MAV,13.666477818492373,14.046308830796493,0.9701963685017182,0.24958688231594983,197.29879177011154,197.04920488779558,0.5012931841886296,0.39972162834870417,13.266756190143669,0.41917180389522296
MBL,1.0765819111764916,1.614069740866183,0.6429597711308129,0.6578832388165254,2.6052211283798274,1.947337889563302,1.3213530316596664,0.990149236040383,0.08643267513610864,1.0414177336687778
MBOX,0.5938977288202316,1.724776325943876,0.3218375162451612,0.7685989371569713,2.9748533745364556,2.206254437379484,1.5437245940019997,1.1502525626175104,-0.5563548337972788,1.2101490768647878
MDT,0.835749175288647,1.6325891976535662,0.4881504645712833,0.7352633513849037,2.665347488295115,1.9300841369102115,1.4767703463131379,1.1020467683579311,-0.26629759306928413,1.1593454577948807
MFT,1.9353259748080582,2.187441442915538,0.8670065116258691,0.7021623153306732,4.784900066184412,4.082737750853739,1.410287189788259,1.0541801508423576,0.8811458239657006,1.108899293806142
MINA,0.23076099427007546,1.2265783589709085,0.15650120749817364,0.6776551026308244,1.5044944706957668,0.8268393680649424,1.3610646562324153,1.018740855989031,-0.7879798617189555,1.0715501646508485
MIR,1.1778474266444914,1.9483273775874237,0.5846283534007267,0.2295628295979853,3.7959795702566876,3.566416740658702,0.4610750402933807,0.37076532405079116,0.8070821025937003,0.3886550356141743
MITH,0.888486814909607,1.989796469737692,0.42702197326826014,0.8150233120595691,3.9592899909805817,3.1442666789210127,1.6369675661604077,1.2173857421718173,-0.32889892726221026,1.2809000837388411
MKR,0.9976996610023938,1.1508162771707036,0.8332343572336853,0.7733416594285857,1.3243781038010376,0.5510364443724519,1.5532503123698838,1.1571108999996405,-0.15941123899724663,1.2173770121195917
MLN,0.8122449534392635,1.4352093838283926,0.5389073971744209,0.7287192571174695,2.0598259754290744,1.331106718311605,1.463626587224069,1.092583509964087,-0.28033855652482353,1.1493722215483808
MOB,0.7218619189632837,2.2761730231713355,0.3000922653988713,0.5269166053019589,5.180963631412937,4.6540470261109785,1.0583076338896298,0.8007615158652965,-0.07889959690201287,0.8418238520602142
MOVR,0.3274502160858758,1.5522175108413212,0.18595990192729098,0.544869773786895,2.409379200962427,1.864509427175532,1.0943664239693738,0.8267231639434163,-0.49927294785754045,0.869184581193428
MTL,0.846509185644259,1.5757636667061816,0.5125826941628965,0.8821613110894269,2.4830311333113104,1.6008698222218836,1.771813680673453,1.3144723987664355,-0.4679632131221765,1.3832187695765652
NEAR,1.3931378938939898,1.3446852823676572,1.0071783425109977,0.8301487303475591,1.808178508616186,0.9780297782686268,1.6673468434101357,1.2392582482398486,0.15387964565414114,1.3039513057641618
NEBL,0.4254203217084763,1.7946783670931152,0.21542596645586962,0.9386824028034632,3.2208704413120106,2.2821880385085476,1.8853358248512049,1.3962061993098978,-0.9707858776014214,1.4693572293141244
NEO,0.5251627511320517,1.1348620374967464,0.4285655304893799,0.852298566653256,1.2879118441512667,0.4356132774980107,1.7118346060197258,1.2712885974029484,-0.7461258462708967,1.3377077801165136
NEXO,0.9170608352548033,1.1013189730589268,0.79746273036178,0.616841775330719,1.212903480419569,0.59606170508885,1.2389215924604016,0.9308001560981132,-0.013739320843309866,0.9788703138855768
NKN,1.062079060056253,1.6647539521664068,0.6146728522401894,0.7516192501179148,2.771405721253671,2.0197864711357565,1.5096210333366598,1.1256986428036082,-0.06361958274735513,1.1842719388970706
NMR,1.3376345645447518,1.763307691166645,0.7365898595300818,0.7294626937252715,3.109254013727444,2.3797913200021723,1.4651197734881438,1.0936585758833057,0.2439759886614461,1.1505052230946458
NTRN,12.9604344669485,7.672304240494853,1.6841921360140266,0.42571319830620247,58.864252358715305,58.4385391604091,0.8550414298612519,0.6544136865707004,12.3060207803778,0.6875892940493169
NULS,0.9494623359928671,1.4907755247944001,0.6108648289744768,0.8763104299465792,2.2224116653260193,1.3461012353794402,1.7600622343987467,1.3060115793124782,-0.35654924331961113,1.3743019940071495
OAX,1.4103394270248484,1.877188716709495,0.730634813013902,0.942577089799085,3.5238374781414405,2.5812603883423555,1.8931582713970208,1.4018382131374072,0.008501213887441184,1.4752927540676115
OGN,1.1228477634288252,1.640917986886052,0.6606349446421805,0.835563170840976,2.6926118396861733,1.8570486688451973,1.6782217022583217,1.2470879412964226,-0.12424017786759745,1.3122029433440454
OMG,0.3938445273694279,1.2717439132932664,0.2791792621597977,0.9654312305038193,1.617332580998471,0.6519013504946518,1.9390606235537673,1.434887040067427,-1.0410425126979992,1.510122592261313
OMNI,9.328739311904195,15.445495406328902,0.6014659334330951,0.022288491072258255,238.56332834692722,238.54103985585496,0.0447662495588542,0.07103085450881859,9.257708457395378,0.07276778499170214
ONE,0.31090899378607584,1.5263751221688806,0.17827137630455253,0.40739715047238617,2.329821013576065,1.922423863103679,0.8182537996173597,0.6279272873346806,-0.3170182935486048,0.6596755347598342
ONT,0.3725103311341315,1.2068812820863983,0.2765063441511241,0.8610046405252741,1.4565624290505086,0.5955577885252344,1.7293206832229369,1.2838782428572926,-0.911367911723161,1.3509758853663423
OOKI,-0.16847161120363946,1.408476237464492,-0.14716017614664573,0.6038010772962149,1.983805311502132,1.380004234205917,1.2127294585585744,0.9119423141885419,-1.0804139253921814,0.9589962171806146
ORDI,2.2720135927372174,1.873090403836934,1.1922615097288356,0.4805950976551905,3.5084676609460086,3.027872563290818,0.9652712697618401,0.7337770901923362,1.5382365025448812,0.7712296154590956
ORN,1.1482147782066667,1.4634937965443082,0.7580590917612944,0.7293446484169054,2.141814092523673,1.4124694441067676,1.4648826804648236,1.0934878733827613,0.05472690482390541,1.1503253213847964
OSMO,-0.22089914773056368,1.0013852601480022,-0.259339894509912,0.49165268146788205,1.0027724392416821,0.5111197577738,0.9874803351881225,0.7497671979986704,-0.9706663457292342,0.7880814350039695
OXT,0.5220671359913823,1.3684066784664888,0.35316046289174635,0.6889994216943497,1.8725368376716884,1.1835374159773386,1.3838496270331142,1.0351456047920218,-0.5130784688006395,1.0888389703209065
PAXG,0.1102306530751942,0.19166402923670206,0.37268679657662035,0.023190509595967742,0.03673510010324738,0.01354459050727964,0.046577946286469274,0.07233524194840285,0.037895411126791345,0.07414246626431786
PDA,-1.1231455111330904,2.733238881842174,-0.4251167063560692,0.944150034405573,7.470594785213858,6.526444750808285,1.8963175176002747,1.4041128107581156,-2.527258321891206,1.4776899304410063
PERL,0.20927921345368194,1.6136157825108943,0.10565043754617029,0.7617586809129993,2.6037558935682457,1.8419972126552464,1.5299859960380804,1.1403610314641561,-0.9310818180104742,1.1997244881104336
PERP,0.8485186100435218,1.4729932121446236,0.5497096682914115,0.7707991701965121,2.169709003024136,1.398909832827624,1.548143743823152,1.1534342670564979,-0.30491565701297607,1.2135022443168362
PHA,1.1535360985441068,1.6747432089838843,0.6656161330073103,0.6658610134728556,2.8047648160376384,2.1389038025647826,1.3373763259253826,1.0016857053966401,0.15185039314746662,1.0535759068425448
PHB,13.31445145167345,28.615129273487778,0.4639381959379608,0.7289258529603607,818.8256233384171,818.0966974854567,1.4640415332619459,1.0928822632772999,12.22156918839615,1.1496870747678634
PIVX,0.5783338498436554,1.411941867312848,0.38212185808362986,0.8065728905061718,1.9935798366708923,1.1870069461647206,1.6199949645199245,1.2051657894283703,-0.6268319395847148,1.2680215940517434
POLS,124.53313217475358,235.24558961257776,0.529210058219503,1.2543293494432843,55340.48743216935,55339.233102819904,2.5193101006314134,1.852655708624757,122.68047646612882,1.9504049405292556
POLY,0.6914419533151851,1.5087461601245797,0.4325724038703073,0.7931063256536878,2.276314975690664,1.483208650036976,1.5929474806443948,1.1856921116864878,-0.4942501583713027,1.2474984739354904
POND,0.4929808803733287,1.4739556335553936,0.30813741610239576,0.7842736815992053,2.1725452096896816,1.3882715280904763,1.575207188278904,1.1729194361148094,-0.6799385557414808,1.234037475020031
POWR,1.0258308740072515,1.4035332126521636,0.7032472513722171,0.861287111585744,1.9699054790177035,1.1086183674319594,1.729888024006355,1.2842867175101274,-0.25845584350287587,1.3514063728415737
PROM,2.5122775142356475,2.8773973482900503,0.8596231993143247,0.5012110658548892,8.279415499946614,7.778204434091725,1.0066782709954865,0.7635893493286203,1.7486881649070272,0.8026484662432452
PSG,0.698340551783609,1.3609560091902508,0.48461562852132606,0.4337861810969281,1.8522012589510541,1.418415077854126,0.8712559488756764,0.6660878341357608,0.032252717647848206,0.699892564952137
PYR,1.3019852691949754,1.5379992044030228,0.8213172448845857,0.7736765888953594,2.3654415527443313,1.591764963848972,1.553923015427511,1.1575952335006972,0.14439003569427822,1.2178874464992846
PYTH,1.7341089496946667,1.3759281914756452,1.2321202226959929,0.774654065714154,1.8931783880974395,1.1185243223832857,1.555886269515295,1.159008739378245,0.5751002103164218,1.2193771266354383
QKC,0.2259614047807051,1.2676549918191986,0.14764380370727817,0.6913255594612937,1.6069491782841325,0.9156236188228388,1.3885216554555722,1.0385093770496763,-0.8125479722689712,1.0923840172813524
QNT,1.9863314177695042,1.4073772161120692,1.383802008071177,0.5363002439422381,1.980710628431358,1.44441038448912,1.0771545943132401,0.8143309715452554,1.1720004462242488,0.8561245698046089
QTUM,0.5888741699484678,1.2636184421685357,0.4353166680635556,0.8924196847437607,1.596731567388437,0.7043118826446764,1.7924175391217025,1.3293067878544191,-0.7404326179059514,1.398852588372341
RAD,0.3040592076508128,1.430328929688214,0.1854532912989703,0.5406351160762604,2.045840847103032,1.5052057310267715,1.0858611490606316,0.8205995265861976,-0.5165403189353848,0.86273093916975
RAMP,2.623905975031375,2.158036618413758,1.1978971779132874,0.7154674490016077,4.657122046414688,3.9416545974130806,1.4370104404738255,1.0734203868088934,1.5504855882224815,1.1291763918992777
RARE,43.93150213466016,18.160364578853528,2.416950493701549,0.6200023915230213,329.7988416368779,329.1788392453549,1.2452696638828078,0.9353706476725341,42.99613148698762,0.9836871106311869
RAY,0.5774775450894758,1.4973692859339922,0.35974929508018644,0.7151555717725516,2.2421147784584736,1.5269592066859219,1.4363840376445631,1.0729693885981246,-0.49549184350864883,1.1287010892587335
RDNT,2.213276908716582,2.382868408659559,0.9125459470671299,0.5390203486717342,5.678061852987739,5.139041504316005,1.0826179021142066,0.818264450016315,1.395012458700267,0.8602700246183463
REEF,0.10148700112428313,1.279779085549205,0.048982673519298525,0.8469512902180097,1.6378345078091594,0.7908832175911497,1.701094645625621,1.26355602868647,-1.1620690275621868,1.3295585009367439
REN,0.9380776124808062,1.4282154476871323,0.6296512293975718,0.859301773926342,2.0397993650121555,1.1804975910858135,1.725900489774843,1.281415768146906,-0.3433381556660998,1.3483807071501697
REP,0.5203618039749542,1.4063711985301215,0.3424144382921535,0.8117595060515954,1.9778799480550504,1.166120442003455,1.6304122388486144,1.2126660302699677,-0.6923042262950134,1.2759260251372937
REQ,1.277303580772084,1.730535226319151,0.7156766079858321,0.804603621406955,2.9947521695314747,2.1901485481245198,1.6160397038583447,1.2023180764261847,0.07498550434589935,1.2650204169358885
REZ,-7.124837287819775,1.7228277160543422,-4.158069446564335,0.4792360844203236,2.968135339205021,2.4888992547846973,0.9625417029451093,0.7318118536177045,-7.8566491414374795,0.7691584716919748
RGT,3.8905037537808265,4.796756418498879,0.8029808932816725,0.8116749560226767,23.008872138410197,22.19719718238752,1.6302424208164061,1.212543764492892,2.6779599892879347,1.2757971704205684
RIF,0.6966692699871946,1.2881977503310074,0.5106896591134029,0.5130336795820046,1.6594534439578683,1.1464197643758638,1.0304238926631968,0.7806857486190553,-0.08401647863186068,0.8206661956543873
RLC,1.3115987906218354,1.508284384990882,0.8438718873493674,0.91780130619232,2.274921786007323,1.3571204798150032,1.8433963154009463,1.3660105443112505,-0.05441175368941509,1.437534321348807
RNDR,2.6951201540798397,1.6920111441989665,1.5699188289551114,0.6920168730137113,2.8629017120934956,2.1708848390797844,1.38991015299498,1.0395090690636268,1.655611085016213,1.093437582999832
ROSE,1.0510148569020854,1.2959999821470516,0.7810299929365537,0.757812777285608,1.679615953725158,0.92180317643955,1.5220606813119146,1.1346549544889157,-0.08364009758683033,1.193710908923818
RPL,2.657803385976561,2.1924528907976204,1.1945540070526943,0.6096082027360634,4.806849678366842,4.197241475630779,1.2243930218665182,0.9203398595656347,1.7374635264109262,0.9678463088140554
RSR,1.2150718262632445,1.4962140060731655,0.7861654960378204,0.8170896591384014,2.23865635196951,1.4215666928311088,1.6411178071393204,1.2203738373213118,-0.005302011058067269,1.2840492082383173
RUNE,2.3827398811968425,1.541969324410221,1.5200950136238036,0.902793209672502,2.3776693974221135,1.4748761877496115,1.8132526779500566,1.3443076944495729,1.0384321867472697,1.414661898354035
RVN,0.8792880990196953,1.366705999836433,0.6149735927992448,0.7422787802099058,1.867885289988904,1.1256065097789982,1.4908607769539683,1.1121916123961644,-0.23290351337646908,1.1700370105419782
SAND,1.5264218431375223,1.5029477373121969,0.9898027763745912,0.8507209523242485,2.258851901091852,1.4081309487676037,1.7086659807175009,1.2690072470080553,0.25741459612946693,1.3353034870598943
SCRT,0.704830894466657,1.2774029604211035,0.5213945130102846,0.7482549352844097,1.6317583232925992,0.8835033880081895,1.5028638348819516,1.1208335874901274,-0.41600269302347037,1.179144704283547
SEI,2.242155702698868,1.3686818873018622,1.6098377008863847,0.43378384646498586,1.8732901086281875,1.4395062621632015,0.8712512597867731,0.6660844580802792,1.5760712446185887,0.6998890069600059
SFP,1.0909141516486933,1.8495815423814908,0.568839019821753,0.7511116307319617,3.4209518819182945,2.669840251186333,1.508601484007869,1.1249645865356688,-0.034050434886975456,1.183498324115174
SKL,1.0041574325950045,1.4963196023636491,0.6451545719711788,0.9112925037462932,2.238972352417709,1.327679848671416,1.8303234396426236,1.3565983205772874,-0.3524408879822829,1.4276148700354212
SLP,1.4476503383647281,2.3638923386734803,0.5959875224923811,0.8514321644508428,5.587986988839176,4.736554824388333,1.710094444378194,1.2700357138747829,0.17761462448994525,1.3363873783166567
SNT,0.8632229123618346,1.381980372134181,0.5965518244580311,0.8586076845133319,1.9098697489641294,1.0512620644507975,1.7245064169424456,1.2804120620272628,-0.4171891496654282,1.3473229110046296
SNX,1.3103486075540158,1.4728657908626008,0.8633160030211027,0.8332673316391244,2.1693336378933146,1.3360663062541902,1.6736105282526927,1.2437679830699717,0.06658062448404412,1.3087040715661762
SOL,2.1428990860626627,1.3559858947480423,1.5517116322612103,0.7298469371181554,1.838697746755649,1.1088508096374934,1.465891523157577,1.0942142210748922,1.0486848649877705,1.151090812173406
SRM,0.3587111049640728,1.6851612611920586,0.18984005408347232,0.848500073158765,2.8397684762224094,1.9912684030636445,1.7042053633235383,1.26579568669954,-0.9070845817354671,1.331918854796493
SSV,1.3726097118707392,1.4635681746317313,0.9113410191543402,0.675289965860017,2.142031801794858,1.4667418359348408,1.3563142986339787,1.0153206882035035,0.3572890236672357,1.0679456829905019
STMX,1.056030121511905,1.6780762341948559,0.6061882653382396,0.9215906064049298,2.8159398477695885,1.8943492413646585,1.851007093466683,1.371490160829341,-0.31546003931743605,1.4433092360558484
STPT,0.963786037942762,1.4442293227885925,0.6404703348334952,0.6322566666366053,2.0857983368023967,1.4535416701657913,1.2698822738669961,0.95309126218235,0.010694775760412,1.0023626944083894
STRK,-0.001302153567193449,1.1441181798913067,-0.03505070915926118,0.5707948042141233,1.3090064095577965,0.7382116053436731,1.1464366326777016,0.8642127311432666,-0.86551488471046,0.9086944724911614
STX,22.972669296532132,46.32712224259737,0.4950419578500097,0.4782808506570406,2146.2022552805597,2145.7239744299027,0.960623123849937,0.7304305128913866,22.242238783640744,0.7677026900967641
SUI,10.469756180875073,8.51196429771833,1.225446420595436,0.3528500303877973,72.45353620563152,72.10068617524372,0.7086963610941744,0.5490480000100357,9.920708180865038,0.5765454188204897
SUN,0.23113792799146418,0.8946269682792197,0.21499232061092316,0.3924703535180014,0.800357412372468,0.40788705885446663,0.7882734516697123,0.60634200283248,-0.3752040748410158,0.6369270127572648
SUSD,0.041307323454424595,0.31151879134487226,0.008048706929043064,0.014229723166353469,0.09704395736097006,0.08281423419461659,0.028580281022758655,0.05937726274913034,-0.018069939294705746,0.060486177652813375
SXP,1.4078978057391496,1.9167391349487384,0.7142848918644138,0.9452188530146789,3.673888911444038,2.728670058429359,1.8984642309167241,1.4056584038166464,0.002239401922503159,1.4793188159762154
SYS,0.9835830075261,1.479019981829167,0.6387898873128451,0.7761846775069225,2.1875001066499493,1.4113154291430268,1.5589604906131105,1.1612221205282867,-0.1776391130021867,1.2217097875640752
TCT,1.8801701328618543,2.5942796926158245,0.7097808837277649,0.6377295405278609,6.730287123518857,6.092557582990996,1.2808744957103595,0.9610054543796731,0.9191646784821812,1.010703384813235
TKO,0.007941852267510758,1.1605853009608609,-0.026588435771969073,0.6574300696980573,1.346958240806412,0.6895281711083547,1.320442845241755,0.989493919003537,-0.9815520667360262,1.040727101398917
TLM,-0.1381666630960573,1.62733996862041,-0.10874596980868242,0.9007782874570519,2.648235373469477,1.747457086012425,1.8092057233829621,1.3413939635665706,-1.4795606266626278,1.4115911456338295
TNSR,-5.015293197157405,1.8923266787476662,-2.6708354608741143,1.1554791297300406,3.580900259100173,2.4254211293701324,2.3207702537532873,1.7097107672461165,-6.7250039644035216,1.799756653091744
TORN,-0.20696000860438032,1.55941407274933,-0.15759765985123653,0.6446965003762553,2.4317722502886525,1.7870757499123973,1.2948675768134554,0.9710802085886681,-1.1780402171930484,1.0213210705690299
TRB,2.4665628301627067,1.7451542830588247,1.391145100310236,0.9137490051868781,3.0455634716785602,2.131814466491682,1.8352573024229435,1.3601506086292472,1.1064122215334595,1.4313585919632572
TROY,0.5901817143390965,1.3391449148851637,0.41174163319462653,0.7223025784074234,1.7933091030627923,1.071006524655369,1.4507387412258066,1.0833045041640603,-0.4931227898249638,1.1395931673236215
TRU,0.44781545237363923,1.4271941135054151,0.286587121193369,0.5755347835768256,2.036883037624508,1.4613482540476823,1.1559568419357726,0.8710671020703415,-0.4232516496967023,0.9159182275374496
TRX,1.3747844498582378,1.3376651955304424,0.9987435229100522,0.7589877271100308,1.7893481753334968,1.0303604482234658,1.5244205582945565,1.1363540213626382,0.2384304284955996,1.1955015390244668
TWT,2.5280961727334113,1.7232105510909408,1.4445687853741795,0.6556224338736029,2.969454603391144,2.313832169517541,1.316812223672681,0.9868799400188657,1.5412162327145456,1.0379722542973655
UFT,1.6302654737131834,2.0207936389287626,0.787544776000399,0.7653209059147636,4.08360693113495,3.3182860252201865,1.5371406954251672,1.1455122799442496,0.4847531937689338,1.205153338926746
UMA,1.2647116074938116,1.4943185570466706,0.8203817062385071,0.6889810060275005,2.232987949934044,1.5440069439065436,1.3838126393189036,1.0351189743361073,0.22959263315770428,1.0888109047416807
UNFI,2.0627727677765817,2.83607808931359,0.7136519884283015,0.7789279762115824,8.043338928684623,7.264410952473041,1.5644703833209275,1.1651891392527696,0.8975836285238121,1.2258905901256214
USTC,0.37851291547405513,1.9195202183247277,0.17697803452705568,0.24931502611437573,3.6845578685574103,3.4352428424430346,0.5007471632613119,0.3993285035897491,-0.02081558811569395,0.418757493524288
UTK,0.9001847266131077,1.5050865318498716,0.5723157495498926,0.8697274737947092,2.2652854683558745,1.3955579945611654,1.7468404215369329,1.29649212367589,-0.3963073970627823,1.364269532031523
VEN,6.615025752585014,10.438030248963157,0.6300255503894762,0.07921637939014886,108.95247547826986,108.87325909887971,0.15910544134331914,0.1533529139034971,6.461672838681517,0.15952620502761783
VET,0.7978698188060978,1.151693061390145,0.65909038115578,0.8082114391203675,1.3263969076542044,0.5181854685338368,1.6232859758288374,1.2075352554374672,-0.40966543663136945,1.2705187512996259
VGX,1.0437477397198054,1.8044118807204703,0.5569392168480665,0.7486000372848597,3.255902235285185,2.507302198000325,1.5035569693891428,1.1213326312491305,-0.07758489152932513,1.179670641661429
VIB,1.0678459915813534,1.653178218826705,0.6224652489746016,0.8097067094686412,2.7329982232030368,1.9232915137343956,1.6262892139283465,1.2096975301688662,-0.14185153858751276,1.272797551669286
VITE,0.783227646302716,1.5675991410113523,0.47488393354339364,0.6712744980937614,2.4573670668995296,1.7860925688057683,1.3482492649115536,1.0095140161888099,-0.22628636988609385,1.061826087667378
VTHO,0.7399372563568223,1.5879610563737345,0.44153302975700065,0.7383381182492572,2.521620316559587,1.7832821983103297,1.4829459900720043,1.1064931152699866,-0.36655585891316433,1.1640314196847803
WAN,0.2867801233857272,1.2353889758473757,0.20073040008765916,0.8146644877811612,1.5261859216452278,0.7115214338640666,1.6362468705716886,1.2168668549544592,-0.930086731568732,1.2803532335326406
WAXP,0.4759675695594433,1.5527705029770797,0.2815403620311406,0.8266195652864866,2.4110962349156932,1.5844766696292067,1.6602585446398792,1.234154806950249,-0.7581872373908057,1.2985728384822763
WBTC,0.7911146724883432,0.6961479621942566,1.0806821442341787,0.4297391817263142,0.48462198526721606,0.05488280354090186,0.8631275841872779,0.6602355650212361,0.13087910746710707,0.6937249152877023
WIF,12.613076032157709,3.3104405604568217,3.798369371846547,1.3880080611480654,10.959016704317676,9.57100864316961,2.7878026849648054,2.0459653002841875,10.567110731873521,2.154132044460822
WIN,0.4684769373890649,1.2921836710562653,0.33252001786853996,0.5765298394636005,1.6697386397444465,1.093208800280846,1.157955403435874,0.8725060286181645,-0.40402909122909964,0.9174346982714763
WNXM,1.0890438478753346,1.144726980155219,0.9174622998166141,0.5922788616800917,1.310399859095287,0.7181209974151953,1.1895871840066508,0.8952803134304583,0.19376353444487626,0.9414362961699163
WOO,1.5701535242383136,1.8451358415680608,0.8299408042157568,0.8192811724458848,3.404526273839076,2.585245101393191,1.6455194434509173,1.2235429323640692,0.34661059187424437,1.2873890867699649
WRX,1.158391254339977,1.5769180160735141,0.7099869764489919,0.7942143826625262,2.4866704294172277,1.6924560467547014,1.5951730039614416,1.1872944464575392,-0.028903192117562204,1.249187159011243
WTC,0.6908025381725047,2.3007138216384706,0.2833914118480743,0.887117206741839,5.293284089078297,4.406166882336458,1.781767556009575,1.3216390010822197,-0.630836462909715,1.3907715822553912
XEC,0.9824366555897157,1.3360941816070597,0.7062650736602307,0.5329983451298459,1.7851476621242388,1.252149316994393,1.0705227579195413,0.8095561745489026,0.1728804810408131,0.8510924575561807
XEM,0.46802644124883636,1.3199302924931653,0.32518871919977466,0.7734039727036065,1.742215977041093,0.9688120043374865,1.553375468066219,1.1572010097380994,-0.689174568489263,1.2174719778990686
XLM,0.754853582002309,1.1397674631334824,0.6282453264929263,0.754945432169268,1.2990698700177343,0.5441244378484663,1.5163016424145168,1.130508555211741,-0.3756549732094321,1.1893410589374243
XMR,0.4864397647791604,0.958040754109315,0.46724501317830525,0.6644936965275823,0.917842086534345,0.2533483900067627,1.3346300811751337,0.9997084610247498,-0.5132686962455894,1.051492108174345
XNO,1.3422522536154502,1.5259730797880267,0.8541777511543737,0.9246044518268762,2.328593840237755,1.4039893884108787,1.8570603770134813,1.3758484106988322,-0.03359615708338204,1.4479023533269553
XRP,0.7931445935744166,1.2023669810234838,0.6273829916156716,0.7083223913758089,1.4456863570555267,0.7373639656797178,1.4226596514611487,1.0630880896584196,-0.26994349608400303,1.1182872841351121
XTZ,0.6395796857832952,1.2215097201836633,0.4918337331715735,0.795478458904162,1.4920859965031714,0.6966075375990094,1.5977118906142451,1.1891223969141285,-0.5495427111308333,1.2511136182699611
XVG,1.1172841845989783,1.6180330968694636,0.6665402498166488,0.9194286923334765,2.618031102564987,1.6986024102315105,1.8466649069752905,1.3683638685347357,-0.2510796839357574,1.440014466925377
XVS,1.4506434118610143,1.5882318962900086,0.8889403462800208,0.7862216207461039,2.5224805563929564,1.7362589356468525,1.579119607908067,1.175736304382481,0.2749071074785334,1.2370061451693137
YFI,1.3825662692483298,1.4047075245763934,0.9566164099915098,0.7555705071932719,1.9732032296015387,1.2176327224082668,1.517557100418688,1.1314124612720684,0.2511538079762614,1.1902936767683134
YFII,1.8634871926403038,2.2968300003465387,0.7944371992550605,0.7615583405980239,5.275428050491881,4.513869709893857,1.5295836141761674,1.1400713241204294,0.7234158685198744,1.1994191683504647
YGG,1.0473364635154805,1.6558133828656467,0.609088242643654,0.8043795264571975,2.741717958876977,1.9373384324197795,1.615589611009385,1.2019940180725537,-0.1546575545570732,1.2646788949797179
ZEC,0.19756821680769363,1.0690742429010722,0.14851000093020236,0.7597937904562405,1.1429197368345008,0.38312594637826025,1.526039529843581,1.1375196503122316,-0.9399514335045379,1.1967299840701624
ZEN,0.5699833285072639,1.233614443388887,0.43059104192071507,0.8125728338425238,1.5218045949376733,0.7092317610951495,1.6320458009746377,1.2138421641595345,-0.6438588356522706,1.2771655412373504
ZIL,0.5349939059333683,1.316623563802088,0.37686846838779126,0.9317419576149568,1.733497608758911,0.8017556511439541,1.8713959982227015,1.3861697873171808,-0.8511758813838125,1.4587799520482214
ZRX,0.9062465108963945,1.287991074571726,0.6734879829697825,1.65892100817643,1.6589210081764294,-6.661338147750939e-16,3.331929093346548,2.437726041373324,-1.5314795304769295,2.56700489019517
